{
  "hard_pk_t+1": {
    "target": "pk_t+1",
    "threshold": 0.8,
    "gate_type": "hard",
    "shrink_lambda": 0.3,
    "all": {
      "r2": 0.278805,
      "rmse": 0.00049108,
      "mae": 0.00027803
    },
    "high_vol": {
      "r2": -0.112608,
      "rmse": 0.00061752,
      "mae": 0.00056249,
      "n": 40
    },
    "low_vol": {
      "r2": 0.277837,
      "rmse": 0.00049081,
      "mae": 0.00027749,
      "n": 21088
    },
    "har_baseline_all": {
      "r2": 0.278804,
      "rmse": 0.00049108,
      "mae": 0.00027803
    },
    "har_baseline_high": {
      "r2": -0.112608,
      "rmse": 0.00061752,
      "mae": 0.00056249
    },
    "har_baseline_low": {
      "r2": 0.277837,
      "rmse": 0.00049081,
      "mae": 0.00027749
    }
  },
  "hard_pk_t+5": {
    "target": "pk_t+5",
    "threshold": 0.8,
    "gate_type": "hard",
    "shrink_lambda": 0.3,
    "all": {
      "r2": 0.173202,
      "rmse": 0.00052786,
      "mae": 0.00030374
    },
    "high_vol": {
      "r2": -0.274008,
      "rmse": 0.00066502,
      "mae": 0.00060242,
      "n": 40
    },
    "low_vol": {
      "r2": 0.173168,
      "rmse": 0.00052756,
      "mae": 0.00030316,
      "n": 20848
    },
    "har_baseline_all": {
      "r2": 0.173202,
      "rmse": 0.00052786,
      "mae": 0.00030374
    },
    "har_baseline_high": {
      "r2": -0.274008,
      "rmse": 0.00066502,
      "mae": 0.00060242
    },
    "har_baseline_low": {
      "r2": 0.173168,
      "rmse": 0.00052756,
      "mae": 0.00030316
    }
  },
  "hard_pk_t+10": {
    "target": "pk_t+10",
    "threshold": 0.8,
    "gate_type": "hard",
    "shrink_lambda": 0.3,
    "all": {
      "r2": 0.121657,
      "rmse": 0.00054646,
      "mae": 0.00031623
    },
    "high_vol": {
      "r2": -1.520241,
      "rmse": 0.00068289,
      "mae": 0.00062485,
      "n": 40
    },
    "low_vol": {
      "r2": 0.123178,
      "rmse": 0.00054616,
      "mae": 0.00031563,
      "n": 20548
    },
    "har_baseline_all": {
      "r2": 0.121657,
      "rmse": 0.00054646,
      "mae": 0.00031623
    },
    "har_baseline_high": {
      "r2": -1.520233,
      "rmse": 0.00068289,
      "mae": 0.00062485
    },
    "har_baseline_low": {
      "r2": 0.123178,
      "rmse": 0.00054616,
      "mae": 0.00031563
    }
  },
  "hard_pk_t+22": {
    "target": "pk_t+22",
    "threshold": 0.8,
    "gate_type": "hard",
    "shrink_lambda": 0.3,
    "all": {
      "r2": 0.055157,
      "rmse": 0.0005738,
      "mae": 0.00033556
    },
    "high_vol": {
      "r2": -1.282758,
      "rmse": 0.0006503,
      "mae": 0.00060932,
      "n": 40
    },
    "low_vol": {
      "r2": 0.056561,
      "rmse": 0.00057364,
      "mae": 0.00033501,
      "n": 19828
    },
    "har_baseline_all": {
      "r2": 0.055157,
      "rmse": 0.0005738,
      "mae": 0.00033556
    },
    "har_baseline_high": {
      "r2": -1.282507,
      "rmse": 0.00065027,
      "mae": 0.00060928
    },
    "har_baseline_low": {
      "r2": 0.056561,
      "rmse": 0.00057364,
      "mae": 0.00033501
    }
  },
  "soft_pk_t+1": {
    "target": "pk_t+1",
    "threshold": 0.8,
    "gate_type": "soft",
    "shrink_lambda": 0.3,
    "all": {
      "r2": 0.278805,
      "rmse": 0.00049108,
      "mae": 0.00027803
    },
    "high_vol": {
      "r2": -0.112608,
      "rmse": 0.00061752,
      "mae": 0.00056249,
      "n": 40
    },
    "low_vol": {
      "r2": 0.277837,
      "rmse": 0.00049081,
      "mae": 0.00027749,
      "n": 21088
    },
    "har_baseline_all": {
      "r2": 0.278804,
      "rmse": 0.00049108,
      "mae": 0.00027803
    },
    "har_baseline_high": {
      "r2": -0.112608,
      "rmse": 0.00061752,
      "mae": 0.00056249
    },
    "har_baseline_low": {
      "r2": 0.277837,
      "rmse": 0.00049081,
      "mae": 0.00027749
    }
  },
  "soft_pk_t+5": {
    "target": "pk_t+5",
    "threshold": 0.8,
    "gate_type": "soft",
    "shrink_lambda": 0.3,
    "all": {
      "r2": 0.173202,
      "rmse": 0.00052786,
      "mae": 0.00030374
    },
    "high_vol": {
      "r2": -0.274008,
      "rmse": 0.00066502,
      "mae": 0.00060242,
      "n": 40
    },
    "low_vol": {
      "r2": 0.173168,
      "rmse": 0.00052756,
      "mae": 0.00030316,
      "n": 20848
    },
    "har_baseline_all": {
      "r2": 0.173202,
      "rmse": 0.00052786,
      "mae": 0.00030374
    },
    "har_baseline_high": {
      "r2": -0.274008,
      "rmse": 0.00066502,
      "mae": 0.00060242
    },
    "har_baseline_low": {
      "r2": 0.173168,
      "rmse": 0.00052756,
      "mae": 0.00030316
    }
  },
  "soft_pk_t+10": {
    "target": "pk_t+10",
    "threshold": 0.8,
    "gate_type": "soft",
    "shrink_lambda": 0.3,
    "all": {
      "r2": 0.121657,
      "rmse": 0.00054646,
      "mae": 0.00031623
    },
    "high_vol": {
      "r2": -1.520241,
      "rmse": 0.00068289,
      "mae": 0.00062485,
      "n": 40
    },
    "low_vol": {
      "r2": 0.123178,
      "rmse": 0.00054616,
      "mae": 0.00031563,
      "n": 20548
    },
    "har_baseline_all": {
      "r2": 0.121657,
      "rmse": 0.00054646,
      "mae": 0.00031623
    },
    "har_baseline_high": {
      "r2": -1.520233,
      "rmse": 0.00068289,
      "mae": 0.00062485
    },
    "har_baseline_low": {
      "r2": 0.123178,
      "rmse": 0.00054616,
      "mae": 0.00031563
    }
  },
  "soft_pk_t+22": {
    "target": "pk_t+22",
    "threshold": 0.8,
    "gate_type": "soft",
    "shrink_lambda": 0.3,
    "all": {
      "r2": 0.055159,
      "rmse": 0.0005738,
      "mae": 0.00033556
    },
    "high_vol": {
      "r2": -1.282739,
      "rmse": 0.0006503,
      "mae": 0.00060932,
      "n": 40
    },
    "low_vol": {
      "r2": 0.056563,
      "rmse": 0.00057364,
      "mae": 0.00033501,
      "n": 19828
    },
    "har_baseline_all": {
      "r2": 0.055157,
      "rmse": 0.0005738,
      "mae": 0.00033556
    },
    "har_baseline_high": {
      "r2": -1.282507,
      "rmse": 0.00065027,
      "mae": 0.00060928
    },
    "har_baseline_low": {
      "r2": 0.056561,
      "rmse": 0.00057364,
      "mae": 0.00033501
    }
  }
}