{
  "target": "pk_t+10",
  "feature_set": "price+news_adv_dual",
  "oos_start": "2026-01-01",
  "n_train": 194982,
  "n_oos": 5642,
  "r2": 0.216146,
  "rmse": 0.00056877,
  "mae": 0.00034523,
  "qlike": 0.46978
}